transport_mode,name,serial_num
Acarbose,Dzhetygara,282
Pramipexole dihydrochloride,Plagiári,394
Gemcitabine Hydrochloride,Kinnula,856
Stay Awake,Xiangshui,811
Nexa Select,Piribebuy,794
Verapamil Hydrochloride,Morazán,692
QUERCUS VIRGINIANA POLLEN,Jiangqiao,236
ESSENTIAL BODY NUTRITIVE BUTTER,Banjar Serangan,780
Hydralazine Hydrochloride,Pacobamba,170
Potassium Chloride,Banī Khaddāsh,307
GOLDKIWI SUN,Nagoselo do Douro,284
Amlodipine Besylate,Nianqiao,653
Nitrogen,Babantar,231
Amrix,Los Angeles,610
Paroxetine,Ágio Pnévma,514
Childrens Non-Drowsy,Pawonków,978
Climara,Campraksanta,176
Capsicum Chamomilla,Hannover,889
Epstein Barr Virus Remedy,Chadong,552
Humalog,Brades,298
Kiehls Since 1851 Superbly Efficient Antiperspirant and Deodorant,Cibaregbeg,628
Acetaminophen PM,Gaopai,400
MyOmega,Jianjiang,704
Ortho-K Thick,Lintaca,219
Nortriptyline Hydrochloride,Xinxiang,659
Premier Value Zinc Oxide,Segong,668
Lysol,Yangzhong,764
Hair Scalp,Göteborg,530
Amoxicillin,Bystré,774
Corn Smut,Västra Frölunda,268
Smart Sense Hemorrhoidal,Knoxville,720
Enteric Coated Aspirin,Deán Funes,386
SYAGRUS ROMANZOFFIANA POLLEN,Yangying,295
donepezil hydrochloride,Parada de Todeia,954
Naproxen,Ōita,900
LISINOPRIL,Sanjie,818
Diphenhydramine Hydrochloride,Novokuz’minki,644
Thermazene,Roldanillo,836
Swift Sinus Pain,Jiuxian,378
Dextroamphetamine Sulfate,Kadupinang,636
Salsalate,Beausejour,896
Vicks QlearQuil,As Saffānīyah,236
Synthroid,São Silvestre,433
good sense night time,Alchevs’k,163
Gas Relief,Yong’an,199
TERCONAZOLE,Gwio Kura,589
"Dextroamphetamine saccharate, amphetamine aspartate, dextroamphetamine sulfate, and amphetamine sulfate",Gualeguaychú,299
Sodium Chloride,Espinillo,588
Ocean Potion Instant Dry 50 Mist Sunscreen,Kuchinarai,969
ADVIL,Litvínov,757
